-- MySQL dump 10.13  Distrib 8.0.32, for Linux (aarch64)
--
-- Host: localhost    Database: cook-master
-- ------------------------------------------------------
-- Server version	8.0.32

/*!40101 SET @OLD_CHARACTER_SET_CLIENT=@@CHARACTER_SET_CLIENT */;
/*!40101 SET @OLD_CHARACTER_SET_RESULTS=@@CHARACTER_SET_RESULTS */;
/*!40101 SET @OLD_COLLATION_CONNECTION=@@COLLATION_CONNECTION */;
/*!50503 SET NAMES utf8mb4 */;
/*!40103 SET @OLD_TIME_ZONE=@@TIME_ZONE */;
/*!40103 SET TIME_ZONE='+00:00' */;
/*!40014 SET @OLD_UNIQUE_CHECKS=@@UNIQUE_CHECKS, UNIQUE_CHECKS=0 */;
/*!40014 SET @OLD_FOREIGN_KEY_CHECKS=@@FOREIGN_KEY_CHECKS, FOREIGN_KEY_CHECKS=0 */;
/*!40101 SET @OLD_SQL_MODE=@@SQL_MODE, SQL_MODE='NO_AUTO_VALUE_ON_ZERO' */;
/*!40111 SET @OLD_SQL_NOTES=@@SQL_NOTES, SQL_NOTES=0 */;

--
-- Table structure for table `_BaseMaterialToPost`
--

DROP TABLE IF EXISTS `_BaseMaterialToPost`;
/*!40101 SET @saved_cs_client     = @@character_set_client */;
/*!50503 SET character_set_client = utf8mb4 */;
CREATE TABLE `_BaseMaterialToPost` (
  `A` varchar(191) COLLATE utf8mb4_unicode_ci NOT NULL,
  `B` varchar(191) COLLATE utf8mb4_unicode_ci NOT NULL,
  UNIQUE KEY `_BaseMaterialToPost_AB_unique` (`A`,`B`),
  KEY `_BaseMaterialToPost_B_index` (`B`),
  CONSTRAINT `_BaseMaterialToPost_A_fkey` FOREIGN KEY (`A`) REFERENCES `BaseMaterial` (`id`) ON DELETE CASCADE ON UPDATE CASCADE,
  CONSTRAINT `_BaseMaterialToPost_B_fkey` FOREIGN KEY (`B`) REFERENCES `Post` (`id`) ON DELETE CASCADE ON UPDATE CASCADE
) ENGINE=InnoDB DEFAULT CHARSET=utf8mb4 COLLATE=utf8mb4_unicode_ci;
/*!40101 SET character_set_client = @saved_cs_client */;

--
-- Dumping data for table `_BaseMaterialToPost`
--

LOCK TABLES `_BaseMaterialToPost` WRITE;
/*!40000 ALTER TABLE `_BaseMaterialToPost` DISABLE KEYS */;
INSERT INTO `_BaseMaterialToPost` VALUES ('7589792b-0c93-4045-8bdb-987ee42c5a0c','4eb8b08b-6ccf-4bc7-a316-4172fa58e94f'),('238bdd13-f3eb-4bd7-9e0e-52849c0c1298','60d69bdf-dc65-4fa9-8cd6-a939b57dddf4'),('2ccdc1bd-440b-4ff5-97f7-4df64cc6f7a1','60d69bdf-dc65-4fa9-8cd6-a939b57dddf4'),('701d053a-16db-4c53-bbde-534a1b1b616e','60d69bdf-dc65-4fa9-8cd6-a939b57dddf4'),('4c3f39ec-0a62-4984-8788-9784f72c112a','de27e040-1122-4f27-8194-df1029ccd04b'),('4d81e454-89e9-4d19-9517-b52dd4dc174b','de27e040-1122-4f27-8194-df1029ccd04b'),('7589792b-0c93-4045-8bdb-987ee42c5a0c','de27e040-1122-4f27-8194-df1029ccd04b'),('7d742ef4-b5fe-449b-837b-5bddff06a020','de27e040-1122-4f27-8194-df1029ccd04b'),('957b31f8-b4db-496a-8eb1-0efa82734d1b','de27e040-1122-4f27-8194-df1029ccd04b'),('ab169057-da37-44ff-b925-ca12cbb58bc6','de27e040-1122-4f27-8194-df1029ccd04b'),('d01f1d2c-97dc-4082-bb43-9529219440af','de27e040-1122-4f27-8194-df1029ccd04b');
/*!40000 ALTER TABLE `_BaseMaterialToPost` ENABLE KEYS */;
UNLOCK TABLES;

--
-- Table structure for table `_CookwareToPost`
--

DROP TABLE IF EXISTS `_CookwareToPost`;
/*!40101 SET @saved_cs_client     = @@character_set_client */;
/*!50503 SET character_set_client = utf8mb4 */;
CREATE TABLE `_CookwareToPost` (
  `A` varchar(191) COLLATE utf8mb4_unicode_ci NOT NULL,
  `B` varchar(191) COLLATE utf8mb4_unicode_ci NOT NULL,
  UNIQUE KEY `_CookwareToPost_AB_unique` (`A`,`B`),
  KEY `_CookwareToPost_B_index` (`B`),
  CONSTRAINT `_CookwareToPost_A_fkey` FOREIGN KEY (`A`) REFERENCES `Cookware` (`id`) ON DELETE CASCADE ON UPDATE CASCADE,
  CONSTRAINT `_CookwareToPost_B_fkey` FOREIGN KEY (`B`) REFERENCES `Post` (`id`) ON DELETE CASCADE ON UPDATE CASCADE
) ENGINE=InnoDB DEFAULT CHARSET=utf8mb4 COLLATE=utf8mb4_unicode_ci;
/*!40101 SET character_set_client = @saved_cs_client */;

--
-- Dumping data for table `_CookwareToPost`
--

LOCK TABLES `_CookwareToPost` WRITE;
/*!40000 ALTER TABLE `_CookwareToPost` DISABLE KEYS */;
INSERT INTO `_CookwareToPost` VALUES ('e9d41330-b9e9-4f18-9d17-6b1cb2654284','4eb8b08b-6ccf-4bc7-a316-4172fa58e94f'),('821bc57f-96ca-44fd-afe4-acd0e86bae36','60d69bdf-dc65-4fa9-8cd6-a939b57dddf4'),('e9d41330-b9e9-4f18-9d17-6b1cb2654284','60d69bdf-dc65-4fa9-8cd6-a939b57dddf4'),('416df7e9-2262-4fdb-b9e8-64c6d62965ae','de27e040-1122-4f27-8194-df1029ccd04b'),('e9d41330-b9e9-4f18-9d17-6b1cb2654284','de27e040-1122-4f27-8194-df1029ccd04b');
/*!40000 ALTER TABLE `_CookwareToPost` ENABLE KEYS */;
UNLOCK TABLES;

--
-- Table structure for table `_prisma_migrations`
--

DROP TABLE IF EXISTS `_prisma_migrations`;
/*!40101 SET @saved_cs_client     = @@character_set_client */;
/*!50503 SET character_set_client = utf8mb4 */;
CREATE TABLE `_prisma_migrations` (
  `id` varchar(36) COLLATE utf8mb4_unicode_ci NOT NULL,
  `checksum` varchar(64) COLLATE utf8mb4_unicode_ci NOT NULL,
  `finished_at` datetime(3) DEFAULT NULL,
  `migration_name` varchar(255) COLLATE utf8mb4_unicode_ci NOT NULL,
  `logs` text COLLATE utf8mb4_unicode_ci,
  `rolled_back_at` datetime(3) DEFAULT NULL,
  `started_at` datetime(3) NOT NULL DEFAULT CURRENT_TIMESTAMP(3),
  `applied_steps_count` int unsigned NOT NULL DEFAULT '0',
  PRIMARY KEY (`id`)
) ENGINE=InnoDB DEFAULT CHARSET=utf8mb4 COLLATE=utf8mb4_unicode_ci;
/*!40101 SET character_set_client = @saved_cs_client */;

--
-- Dumping data for table `_prisma_migrations`
--

LOCK TABLES `_prisma_migrations` WRITE;
/*!40000 ALTER TABLE `_prisma_migrations` DISABLE KEYS */;
INSERT INTO `_prisma_migrations` VALUES ('0dc214b6-9aff-4162-8245-b745a6c4830f','b84f664fe85d5653d126bfa8cefa5ad6b1f9190e3ae8724dd73b53714ebe30b7','2023-03-20 12:32:28.429','20230320123227_init_model',NULL,NULL,'2023-03-20 12:32:27.928',1),('745cf734-a710-4a98-8800-60aedb507799','2a614b3c7e566467413f4543d25d6287b732ee1ebd2d14593db1ee7616163bce','2023-03-25 14:57:18.003','20230325145619_add_color',NULL,NULL,'2023-03-25 14:57:17.809',1),('d434bf4c-c830-444f-8571-98024fda825d','0acb094e20d469d86d0034386154aa1e30c07b83fa109780b9812fb170e5a0f3','2023-04-02 03:56:59.983','20230402035659_add_createtime',NULL,NULL,'2023-04-02 03:56:59.950',1);
/*!40000 ALTER TABLE `_prisma_migrations` ENABLE KEYS */;
UNLOCK TABLES;

--
-- Table structure for table `BaseMaterial`
--

DROP TABLE IF EXISTS `BaseMaterial`;
/*!40101 SET @saved_cs_client     = @@character_set_client */;
/*!50503 SET character_set_client = utf8mb4 */;
CREATE TABLE `BaseMaterial` (
  `id` varchar(191) COLLATE utf8mb4_unicode_ci NOT NULL,
  `name` varchar(191) COLLATE utf8mb4_unicode_ci NOT NULL,
  `count` int NOT NULL DEFAULT '0',
  `emoji` varchar(191) COLLATE utf8mb4_unicode_ci NOT NULL,
  `secondaryMaterialId` varchar(191) COLLATE utf8mb4_unicode_ci NOT NULL,
  `createdTime` datetime(3) NOT NULL DEFAULT CURRENT_TIMESTAMP(3),
  `updatedTime` datetime(3) DEFAULT NULL,
  `color` varchar(191) COLLATE utf8mb4_unicode_ci NOT NULL,
  PRIMARY KEY (`id`),
  UNIQUE KEY `BaseMaterial_name_key` (`name`),
  KEY `BaseMaterial_secondaryMaterialId_fkey` (`secondaryMaterialId`),
  CONSTRAINT `BaseMaterial_secondaryMaterialId_fkey` FOREIGN KEY (`secondaryMaterialId`) REFERENCES `SecondaryMaterial` (`id`) ON DELETE RESTRICT ON UPDATE CASCADE
) ENGINE=InnoDB DEFAULT CHARSET=utf8mb4 COLLATE=utf8mb4_unicode_ci;
/*!40101 SET character_set_client = @saved_cs_client */;

--
-- Dumping data for table `BaseMaterial`
--

LOCK TABLES `BaseMaterial` WRITE;
/*!40000 ALTER TABLE `BaseMaterial` DISABLE KEYS */;
INSERT INTO `BaseMaterial` VALUES ('029a7123-3014-4c08-88c7-3d502c06e3c4','小茴香',0,'','5328b764-3e94-495b-b129-58aa7bbad038','2023-04-05 12:14:43.983','2023-04-05 12:14:43.983','transparent'),('05412f58-ec16-4eed-b99d-954a563fb72e','辣椒面',0,'','5328b764-3e94-495b-b129-58aa7bbad038','2023-04-05 12:12:15.474','2023-04-05 12:12:15.474','transparent'),('064117b7-d473-4909-8640-bca47647f6da','蟹味菇',0,'','dc327802-2f9c-4236-903e-a6da2cdec0a8','2023-04-05 12:23:48.642','2023-04-05 12:23:48.642','transparent'),('06726f0d-472c-4846-9ccb-5efb87ad3731','素鸡',0,'','47f5758c-e622-4d49-80ff-f5dc8ce59bd0','2023-04-05 12:31:54.920','2023-04-05 12:31:54.920','transparent'),('0694ffae-0cda-4434-9cab-587fb085e061','鸡胗',0,'','d5ab3144-0140-4ea0-97d7-27f959262f85','2023-03-26 06:44:26.344','2023-03-26 06:44:26.344','transparent'),('07af050b-4521-4450-a6a2-9ae0e969d7c4','羊腿肉（块）',0,'','59a1e791-8d75-426b-9f47-08ca6ea081c9','2023-03-26 07:16:27.072','2023-03-26 07:16:27.072','transparent'),('08ac8b24-5e2d-4953-8a7b-ca7b0dc1db13','莲子',0,'','00f514fb-6b99-44d2-a6a9-1a9e13105da8','2023-04-05 12:43:30.463','2023-04-05 12:43:30.463','transparent'),('094640c5-e478-48e7-beff-b81866f5d114','桂皮',0,'','5328b764-3e94-495b-b129-58aa7bbad038','2023-04-05 12:15:25.074','2023-04-05 12:15:25.074','transparent'),('0ab0ff87-8112-499a-9144-f3f161095b6f','猪尾（条）',0,'','822985ca-7bb7-4081-afd8-a3d53191421a','2023-03-26 06:49:49.102','2023-03-26 06:49:49.102','transparent'),('0ba0d2b7-984e-48a3-817d-cf9f62559da8','牛肝菌',0,'','dc327802-2f9c-4236-903e-a6da2cdec0a8','2023-04-05 12:24:32.171','2023-04-05 12:24:32.171','transparent'),('0bb886d3-fac9-4573-9b23-7a00c939e79a','菠菜',0,'','1aa07cc0-6bb1-4a12-9e22-9cdcfb877a67','2023-03-23 11:17:47.498','2023-03-23 11:17:47.498',''),('0bc7c732-0eb7-4c12-bac2-c533f70030fc','风干火腿',0,'','fedf7fca-14e0-4589-8dbd-67d523b5f5ba','2023-03-26 07:23:07.336','2023-03-26 07:23:07.336','transparent'),('0d607596-2925-46d6-8fe9-19a09e5b4904','小米辣',0,'','5328b764-3e94-495b-b129-58aa7bbad038','2023-04-05 12:11:18.023','2023-04-05 12:11:18.023','transparent'),('0d777e64-d748-4eb9-a731-bb1dbe7da5cd','桂圆',0,'','00f514fb-6b99-44d2-a6a9-1a9e13105da8','2023-04-05 12:44:57.954','2023-04-05 12:44:57.954','transparent'),('0e4f2813-3151-430b-8fdf-1dd7ae998397','嫩牛肉（原切）',0,'','ceea6f61-ed8b-4f0c-b9ff-018124d86176','2023-03-26 06:51:19.067','2023-03-26 06:51:19.067','transparent'),('0e781b6a-ac41-418f-829b-104b9142f933','圆茄',0,'','2f27fe02-67a4-4c89-8acd-a100eb2a4d28','2023-04-05 12:04:44.051','2023-04-05 12:04:44.051','transparent'),('0f50b0ad-3c7c-47f9-865d-ac5798c97991','羊蝎子（块）',0,'','59a1e791-8d75-426b-9f47-08ca6ea081c9','2023-03-26 07:19:17.905','2023-03-26 07:19:17.905','transparent'),('131f29b0-2b64-469b-a81a-19706edb8dd6','马蹄（荸荠）',0,'','5efd1e7f-1415-42b4-8a5b-3a4bedc0adc8','2023-04-05 11:54:43.625','2023-04-05 11:54:43.625','transparent'),('1378172f-daed-42a5-bc8c-a7385c6e961d','鸡全腿',0,'','d5ab3144-0140-4ea0-97d7-27f959262f85','2023-03-26 06:43:25.406','2023-03-26 06:43:25.406','transparent'),('139cf722-c803-4583-83ee-54c7de452ba5','千张丝',0,'','47f5758c-e622-4d49-80ff-f5dc8ce59bd0','2023-04-05 12:31:33.270','2023-04-05 12:31:33.270','transparent'),('14beb0c1-b8d7-4b59-83d7-22c1802afd83','虾皮',0,'','00f514fb-6b99-44d2-a6a9-1a9e13105da8','2023-04-05 12:42:38.990','2023-04-05 12:42:38.990','transparent'),('153a8e45-1378-4cdb-9e9b-e6254c193eb6','羊杂',0,'','59a1e791-8d75-426b-9f47-08ca6ea081c9','2023-03-26 07:19:34.369','2023-03-26 07:19:34.369','transparent'),('15bb97fc-34df-4fa2-b486-0e7145de7041','猪肚',0,'','822985ca-7bb7-4081-afd8-a3d53191421a','2023-03-26 06:53:03.438','2023-03-26 06:53:03.438','transparent'),('162383af-9398-484c-abce-c066bf3b8ac6','琵琶腿',0,'','d5ab3144-0140-4ea0-97d7-27f959262f85','2023-03-26 06:39:25.619','2023-03-26 06:39:25.619','transparent'),('16a1d560-c400-4543-b6a6-a32e88b315c3','兰花干',0,'','47f5758c-e622-4d49-80ff-f5dc8ce59bd0','2023-04-05 12:28:42.805','2023-04-05 12:28:42.805','transparent'),('17465eb2-29a3-4399-94e1-b41f5da20a84','黄喉',0,'','ceea6f61-ed8b-4f0c-b9ff-018124d86176','2023-03-26 06:52:41.437','2023-03-26 06:52:41.437','transparent'),('17932e18-2a65-493c-8caa-5c957e640339','鸡（整只）',0,'','d5ab3144-0140-4ea0-97d7-27f959262f85','2023-03-26 06:42:58.955','2023-03-26 06:42:58.955','transparent'),('17a43ca8-2dec-4531-876d-bbd1106ffcea','黄瓜',0,'','2f27fe02-67a4-4c89-8acd-a100eb2a4d28','2023-04-05 12:04:25.581','2023-04-05 12:04:25.581','transparent'),('1a629df4-6a94-4c86-9d36-0ce86c8d4e09','鸡爪（去骨）',0,'','d5ab3144-0140-4ea0-97d7-27f959262f85','2023-03-26 06:42:15.915','2023-03-26 06:42:15.915','transparent'),('1b1c05c1-5b40-48d4-a012-ff94e0309efe','羊肚菌',0,'','dc327802-2f9c-4236-903e-a6da2cdec0a8','2023-04-05 12:24:56.573','2023-04-05 12:24:56.573','transparent'),('1b212416-aa7c-47e4-b9e5-acabe133404f','贝贝南瓜',0,'','2f27fe02-67a4-4c89-8acd-a100eb2a4d28','2023-04-05 12:03:47.506','2023-04-05 12:03:47.506','transparent'),('1d8d4881-6a02-41c5-9e08-bf5786fd1de5','腐竹',0,'','47f5758c-e622-4d49-80ff-f5dc8ce59bd0','2023-04-05 12:29:10.531','2023-04-05 12:29:10.531','transparent'),('1f16bd68-eec5-4e61-a7e5-00b9169a3099','红圆椒',0,'','5328b764-3e94-495b-b129-58aa7bbad038','2023-04-05 12:10:33.269','2023-04-05 12:10:33.269','transparent'),('1fa55ed8-fd02-49a7-a0c2-b2fa08f9c6ae','腊肉',0,'','00f514fb-6b99-44d2-a6a9-1a9e13105da8','2023-04-05 12:44:33.859','2023-04-05 12:44:33.859','transparent'),('21c85b8f-aecc-42f0-8b2f-03f917da364f','青线椒',0,'','5328b764-3e94-495b-b129-58aa7bbad038','2023-04-05 12:16:32.122','2023-04-05 12:16:32.122','transparent'),('21e4c3d6-500d-4800-9d5b-155599eab875','羊肋排（法式小切）',0,'','59a1e791-8d75-426b-9f47-08ca6ea081c9','2023-03-26 07:17:29.447','2023-03-26 07:18:06.145','transparent'),('228c0a51-003f-423f-a4e3-1647b2ffaf5d','秀珍菇',0,'','dc327802-2f9c-4236-903e-a6da2cdec0a8','2023-04-05 12:26:44.284','2023-04-05 12:26:44.284','transparent'),('22d542b7-561b-453f-9976-84f41522399e','火腿片',0,'','fedf7fca-14e0-4589-8dbd-67d523b5f5ba','2023-03-26 07:23:57.211','2023-03-26 07:23:57.211','transparent'),('238bdd13-f3eb-4bd7-9e0e-52849c0c1298','口蘑（白蘑菇）',0,'','dc327802-2f9c-4236-903e-a6da2cdec0a8','2023-04-05 12:25:50.831','2023-04-05 12:25:50.831','transparent'),('25a47e61-837d-48dd-a961-0de60ba7e379','草果',0,'','5328b764-3e94-495b-b129-58aa7bbad038','2023-04-05 12:13:54.043','2023-04-05 12:13:54.043','transparent'),('294a690b-2883-4787-ad37-fc78dfdcaa0d','虫草花',0,'','dc327802-2f9c-4236-903e-a6da2cdec0a8','2023-04-05 12:23:18.398','2023-04-05 12:23:18.398','transparent'),('2c144698-0e5c-42db-be1f-bbd616e29079','油豆腐',0,'','47f5758c-e622-4d49-80ff-f5dc8ce59bd0','2023-04-05 12:28:57.701','2023-04-05 12:28:57.701','transparent'),('2c55f70f-95f8-410f-ba6b-78fbf1a22b0e','鸡蛋（生食）',0,'','3819252e-c2c3-42f2-8f00-41839d91374d','2023-03-26 07:20:34.231','2023-03-26 07:20:34.231','transparent'),('2ccdc1bd-440b-4ff5-97f7-4df64cc6f7a1','鸡腿肉丁',0,'','d5ab3144-0140-4ea0-97d7-27f959262f85','2023-03-26 06:39:05.928','2023-03-26 06:39:05.928','transparent'),('2fdb0f37-9f68-4a17-a313-b53ec75b0943','青尖椒',0,'','5328b764-3e94-495b-b129-58aa7bbad038','2023-04-05 12:13:17.554','2023-04-05 12:13:17.554','transparent'),('2fdd7a3c-22fa-425f-bf4a-8c2f8583b5b8','白萝卜',0,'','5efd1e7f-1415-42b4-8a5b-3a4bedc0adc8','2023-04-05 11:54:27.088','2023-04-05 11:54:27.088','transparent'),('32439f34-9cab-4776-916f-5efc046099ef','西葫芦',0,'','2f27fe02-67a4-4c89-8acd-a100eb2a4d28','2023-04-05 12:07:55.438','2023-04-05 12:07:55.438','transparent'),('337b97c6-37d3-448e-947a-7b39dd85647d','杂菜',0,'','80e84585-c8a6-4ed0-95bc-1382071a4a05','2023-04-05 12:36:38.024','2023-04-05 12:36:38.024','transparent'),('352d05bd-79b7-4372-81f0-bf58eb2afe82','金针菇',0,'','dc327802-2f9c-4236-903e-a6da2cdec0a8','2023-04-05 12:22:15.853','2023-04-05 12:22:15.853','transparent'),('35c10f50-9cb6-48e2-9126-fdd501ea1e5a','培根',0,'','fedf7fca-14e0-4589-8dbd-67d523b5f5ba','2023-03-26 07:21:43.682','2023-03-26 07:21:43.682','transparent'),('373f28a4-0552-4556-9b0f-e7669c973f98','松花蛋',0,'','3819252e-c2c3-42f2-8f00-41839d91374d','2023-03-26 07:21:08.918','2023-03-26 07:21:08.918','transparent'),('3c189312-87d6-422a-97c0-c04636a4f94d','万能卤味包',0,'','5328b764-3e94-495b-b129-58aa7bbad038','2023-04-05 12:17:46.265','2023-04-05 12:17:46.265','transparent'),('3c684fb0-6d3c-4ce3-ba53-ad9c4e960996','鸭胸',0,'','d5ab3144-0140-4ea0-97d7-27f959262f85','2023-03-26 06:46:07.941','2023-03-26 06:46:07.941','transparent'),('3d723275-cecb-4ed3-9235-2d0a2a28d7e4','牛肉丝',0,'','ceea6f61-ed8b-4f0c-b9ff-018124d86176','2023-03-26 06:53:59.790','2023-03-26 06:53:59.790','transparent'),('3daad86d-56db-4672-8cc3-70fa5449eee9','鸡小胸',0,'','d5ab3144-0140-4ea0-97d7-27f959262f85','2023-03-26 06:40:21.524','2023-03-26 06:40:21.524','transparent'),('3ddd2902-b9bc-4f63-8a9b-198a37504032','肉末',0,'','822985ca-7bb7-4081-afd8-a3d53191421a','2023-03-26 06:34:36.547','2023-03-26 06:34:36.547','transparent'),('41d00f29-96ad-4f88-b835-c68a8b6c0cad','夹心腿肉（后）',0,'','822985ca-7bb7-4081-afd8-a3d53191421a','2023-03-26 06:38:45.469','2023-03-26 06:38:45.469','transparent'),('41fb4a59-1ca8-44a2-8a29-ff1f1fd3f6f2','冻豆腐',0,'','47f5758c-e622-4d49-80ff-f5dc8ce59bd0','2023-04-05 12:28:00.715','2023-04-05 12:28:00.715','transparent'),('42575109-1148-419c-9f7c-428b87b14e65','牛腩块',0,'','ceea6f61-ed8b-4f0c-b9ff-018124d86176','2023-03-26 06:46:55.950','2023-03-26 06:46:55.950','transparent'),('42f798d5-32e2-4ce3-b2d5-3642eacb76db','鸡心',0,'','d5ab3144-0140-4ea0-97d7-27f959262f85','2023-03-26 06:44:33.968','2023-03-26 06:44:33.968','transparent'),('44aea31f-fbba-4eff-b0fc-cbaa1c540d81','哈尔滨红肠',0,'','fedf7fca-14e0-4589-8dbd-67d523b5f5ba','2023-03-26 07:22:28.853','2023-03-26 07:22:28.853','transparent'),('46bb4908-7353-4a4b-8823-9ddd43150619','红枣',0,'','00f514fb-6b99-44d2-a6a9-1a9e13105da8','2023-04-05 13:18:05.899','2023-04-05 13:18:05.899','transparent'),('4aa23c71-c706-4020-9fc8-af2555c4ff85','鸡大胸',0,'','d5ab3144-0140-4ea0-97d7-27f959262f85','2023-03-26 06:40:13.669','2023-03-26 06:40:13.669','transparent'),('4b258789-a532-4143-afec-5e2ee3ad4e5b','腐皮卷（响铃卷）',0,'','47f5758c-e622-4d49-80ff-f5dc8ce59bd0','2023-04-05 12:29:59.850','2023-04-05 12:29:59.850','transparent'),('4c3f39ec-0a62-4984-8788-9784f72c112a','土豆',0,'','5efd1e7f-1415-42b4-8a5b-3a4bedc0adc8','2023-03-23 01:36:41.478','2023-03-23 01:36:41.478',''),('4c70d315-fc1a-4393-9f19-3fa1c9873878','干香菇',0,'','00f514fb-6b99-44d2-a6a9-1a9e13105da8','2023-04-05 12:42:47.499','2023-04-05 12:42:47.499','transparent'),('4d81e454-89e9-4d19-9517-b52dd4dc174b','西蓝花',0,'','1aa07cc0-6bb1-4a12-9e22-9cdcfb877a67','2023-03-23 01:36:51.751','2023-03-23 01:36:51.751',''),('4eeee0cc-65df-4131-a652-737ee2d07504','平菇',0,'','dc327802-2f9c-4236-903e-a6da2cdec0a8','2023-04-05 12:24:11.664','2023-04-05 12:24:11.664','transparent'),('4f51be82-9998-4ce3-8c52-82c9cecba04e','花生',0,'','5efd1e7f-1415-42b4-8a5b-3a4bedc0adc8','2023-04-05 12:00:13.156','2023-04-05 12:00:13.156','transparent'),('5029c64d-eec0-4d1f-96b7-260603d6ffd6','薄荷',0,'','5328b764-3e94-495b-b129-58aa7bbad038','2023-04-05 12:16:17.051','2023-04-05 12:16:17.051','transparent'),('50b1b75a-f7bb-4b83-97de-81967d3df97d','黑松露',0,'','dc327802-2f9c-4236-903e-a6da2cdec0a8','2023-04-05 12:24:23.556','2023-04-05 12:24:23.556','transparent'),('51402812-c52f-471d-b167-b4452bafcfcc','干红辣椒',0,'','5328b764-3e94-495b-b129-58aa7bbad038','2023-04-05 12:12:25.030','2023-04-05 12:12:25.030','transparent'),('51bfc240-7eb4-40a0-aa97-df1f555cbf58','海鲜菇',0,'','dc327802-2f9c-4236-903e-a6da2cdec0a8','2023-04-05 12:22:25.539','2023-04-05 12:22:25.539','transparent'),('52604d86-1b28-4c01-93a4-dfa1272da35e','茭白',0,'','5efd1e7f-1415-42b4-8a5b-3a4bedc0adc8','2023-04-05 12:02:04.233','2023-04-05 12:02:04.233','transparent'),('5410fc2f-d686-401c-8025-be7edcc57f09','芋头',0,'','5efd1e7f-1415-42b4-8a5b-3a4bedc0adc8','2023-04-05 12:00:26.459','2023-04-05 12:00:26.459','transparent'),('54171563-cfeb-47a2-b384-75caf7399671','牛肉粒',0,'','ceea6f61-ed8b-4f0c-b9ff-018124d86176','2023-03-26 06:47:06.922','2023-03-26 06:47:06.922','transparent'),('5569bf39-aa99-4e7c-bf55-bbf1c7fc5fdf','银耳',0,'','00f514fb-6b99-44d2-a6a9-1a9e13105da8','2023-04-05 12:43:42.075','2023-04-05 12:43:42.075','transparent'),('57fd31da-06e7-4906-bf18-8796497ae679','鸡翅中',0,'','d5ab3144-0140-4ea0-97d7-27f959262f85','2023-03-26 06:40:31.632','2023-03-26 06:40:31.632','transparent'),('5b5bc451-b315-4b13-8617-36dc27c30b23','老姜',0,'','5328b764-3e94-495b-b129-58aa7bbad038','2023-04-05 12:16:59.650','2023-04-05 12:16:59.650','transparent'),('5ce80c02-a91f-425c-ae36-8f3e204500be','花椒',0,'','5328b764-3e94-495b-b129-58aa7bbad038','2023-04-05 12:12:36.147','2023-04-05 12:12:36.147','transparent'),('5cf7ca91-6357-413a-b24f-5066e300ecb1','舞茸菌',0,'','dc327802-2f9c-4236-903e-a6da2cdec0a8','2023-04-05 12:25:28.815','2023-04-05 12:25:28.815','transparent'),('5dc6a38a-b3d3-49b9-9d1c-13139e1f6561','韭菜',0,'','1aa07cc0-6bb1-4a12-9e22-9cdcfb877a67','2023-03-23 11:19:44.571','2023-03-23 11:19:44.571',''),('5ebf31e5-8672-40a5-97a0-4c8f86c69e81','午餐肉',0,'','fedf7fca-14e0-4589-8dbd-67d523b5f5ba','2023-03-26 07:22:16.776','2023-03-26 07:22:16.776','transparent'),('623cf875-ade3-4d3f-abb0-c16647ac1029','蒜苗',0,'','1aa07cc0-6bb1-4a12-9e22-9cdcfb877a67','2023-03-23 11:21:03.195','2023-03-23 11:21:03.195',''),('62b09c56-e0ee-409f-9045-3938cdeac251','牛肉饼',0,'','ceea6f61-ed8b-4f0c-b9ff-018124d86176','2023-03-26 06:50:48.504','2023-03-26 06:50:48.504','transparent'),('6315b918-108c-4614-b568-d368e3d59210','红薯细粉',0,'','00f514fb-6b99-44d2-a6a9-1a9e13105da8','2023-04-05 12:42:25.230','2023-04-05 12:42:25.230','transparent'),('64a72fff-de17-4ae6-b84c-6817d19cd701','香肠',0,'','fedf7fca-14e0-4589-8dbd-67d523b5f5ba','2023-03-26 07:21:59.482','2023-03-26 07:21:59.482','transparent'),('64b21b96-c152-4d53-bd9c-6f7eaa3cb346','红剁椒',0,'','5328b764-3e94-495b-b129-58aa7bbad038','2023-04-05 12:21:31.370','2023-04-05 12:21:31.370','transparent'),('68200bf4-92ce-44e1-afd0-008de1494eab','小番茄',0,'','2f27fe02-67a4-4c89-8acd-a100eb2a4d28','2023-04-05 12:04:00.610','2023-04-05 12:04:00.610','transparent'),('68ca5689-0884-40f7-a942-e0a4bf1dcdfa','牛舌（片）',0,'','ceea6f61-ed8b-4f0c-b9ff-018124d86176','2023-03-26 06:51:59.837','2023-03-26 06:51:59.837','transparent'),('69ac33ee-1157-4406-8a04-1f5d0c096829','茼蒿',0,'','1aa07cc0-6bb1-4a12-9e22-9cdcfb877a67','2023-03-23 11:18:06.134','2023-03-23 11:18:06.134',''),('6aa49974-e720-47c5-87a6-28fd821b0061','莲藕（脆）',0,'','5efd1e7f-1415-42b4-8a5b-3a4bedc0adc8','2023-04-05 12:01:27.447','2023-04-05 12:01:27.447','transparent'),('6b5731d5-3f38-485a-9098-4fd8863b21d9','肥牛卷',0,'','ceea6f61-ed8b-4f0c-b9ff-018124d86176','2023-03-26 06:50:03.727','2023-03-26 06:50:03.727','transparent'),('6bbd3e93-c37c-4d0f-b1a3-e0324c9203d3','赤松茸',0,'','dc327802-2f9c-4236-903e-a6da2cdec0a8','2023-04-05 12:27:10.444','2023-04-05 12:27:10.444','transparent'),('6ccbc57a-da25-42e3-86b8-97b09ea0c179','青剁椒',0,'','5328b764-3e94-495b-b129-58aa7bbad038','2023-04-05 12:20:47.117','2023-04-05 12:21:08.596','transparent'),('6cfe6b3e-66a3-41ab-a285-2d859fc9b364','空心菜',0,'','1aa07cc0-6bb1-4a12-9e22-9cdcfb877a67','2023-04-05 11:52:51.835','2023-04-05 11:52:51.835','transparent'),('6e322f67-109b-40d2-a61f-b263ce8d282a','内酯豆腐',0,'','47f5758c-e622-4d49-80ff-f5dc8ce59bd0','2023-04-05 12:31:46.813','2023-04-05 12:31:46.813','transparent'),('6f3ca158-d4a0-4e8f-8c30-d496cc7ca9f4','牛舌（原切）',0,'','ceea6f61-ed8b-4f0c-b9ff-018124d86176','2023-03-26 06:52:07.991','2023-03-26 06:52:07.991','transparent'),('6f77149c-79dd-47f1-ad5c-423919e83016','五花肉（带皮）',0,'','822985ca-7bb7-4081-afd8-a3d53191421a','2023-03-26 06:35:46.846','2023-03-26 06:35:46.846','transparent'),('6f794e2a-042e-42aa-94d8-c75b26b1c004','茶树菇',0,'','dc327802-2f9c-4236-903e-a6da2cdec0a8','2023-04-05 12:23:06.595','2023-04-05 12:23:06.595','transparent'),('701d053a-16db-4c53-bbde-534a1b1b616e','黄洋葱',0,'','5328b764-3e94-495b-b129-58aa7bbad038','2023-04-05 12:09:56.968','2023-04-05 12:09:56.968','transparent'),('717abf2f-b2d1-4519-82cf-8b2a10a3ca92','红尖椒',0,'','5328b764-3e94-495b-b129-58aa7bbad038','2023-04-05 12:13:00.982','2023-04-05 12:13:27.981','transparent'),('719fd193-8535-4767-a6de-c22b960b7af4','肉丝',0,'','822985ca-7bb7-4081-afd8-a3d53191421a','2023-03-26 06:34:58.471','2023-03-26 06:34:58.471','transparent'),('71b1dd73-9f93-4f61-b17c-c902aa679b30','香干',0,'','47f5758c-e622-4d49-80ff-f5dc8ce59bd0','2023-04-05 12:28:31.702','2023-04-05 12:28:31.702','transparent'),('726508af-06de-47a3-8846-325dea9c0f11','带皮鸡腿排',0,'','d5ab3144-0140-4ea0-97d7-27f959262f85','2023-03-26 06:40:03.183','2023-03-26 06:40:03.183','transparent'),('74fc2914-3851-4be4-bf85-6beaa5d25f48','莴笋',0,'','5efd1e7f-1415-42b4-8a5b-3a4bedc0adc8','2023-04-05 12:00:43.249','2023-04-05 12:00:43.249','transparent'),('7589792b-0c93-4045-8bdb-987ee42c5a0c','家常大米',0,'','b74d14a6-c228-4c30-820b-91624bf5f628','2023-03-22 09:22:54.986','2023-03-22 09:22:54.986',''),('77acef53-067f-4b5d-97ac-954b51ee0b70','猪里脊',0,'','822985ca-7bb7-4081-afd8-a3d53191421a','2023-03-26 06:37:26.753','2023-03-26 06:37:26.753','transparent'),('78fd5ec1-1e0f-4271-9aef-e43aa36dd2b3','油面筋',0,'','47f5758c-e622-4d49-80ff-f5dc8ce59bd0','2023-04-05 12:30:53.789','2023-04-05 12:30:53.789','transparent'),('79ebe4e9-bbaa-49d3-a95e-50210e96192e','鸭掌',0,'','d5ab3144-0140-4ea0-97d7-27f959262f85','2023-03-26 06:45:15.489','2023-03-26 06:45:15.489','transparent'),('7bbb32f7-6f60-4942-9aea-dac0552c2053','白玉菇',0,'','dc327802-2f9c-4236-903e-a6da2cdec0a8','2023-04-05 12:26:30.734','2023-04-05 12:26:30.734','transparent'),('7cefe08c-4c92-4bc2-8106-e68480ebf605','鲜香菇',0,'','dc327802-2f9c-4236-903e-a6da2cdec0a8','2023-04-05 12:22:38.686','2023-04-05 12:22:38.686','transparent'),('7d742ef4-b5fe-449b-837b-5bddff06a020','鸡蛋',0,'','3819252e-c2c3-42f2-8f00-41839d91374d','2023-03-26 07:19:57.452','2023-03-26 07:19:57.452','transparent'),('7da13a53-e005-48ed-85ff-26429c74029b','牛肋条',0,'','ceea6f61-ed8b-4f0c-b9ff-018124d86176','2023-03-26 06:49:11.960','2023-03-26 06:49:11.960','transparent'),('7e178053-1c0b-4fba-95ec-646bf835042d','日本豆腐',0,'','47f5758c-e622-4d49-80ff-f5dc8ce59bd0','2023-04-05 12:27:50.246','2023-04-05 12:27:50.246','transparent'),('8008f4c5-c212-413a-b793-898aa8afee63','鸭腿',0,'','d5ab3144-0140-4ea0-97d7-27f959262f85','2023-03-26 06:45:07.277','2023-03-26 06:45:07.277','transparent'),('81f3121c-5108-47a7-a38e-ebdfde1f0d4d','猪蹄',0,'','822985ca-7bb7-4081-afd8-a3d53191421a','2023-03-26 06:36:52.450','2023-03-26 06:36:52.450','transparent'),('83492e70-9851-4225-963e-e9232515eddf','玉米',0,'','5efd1e7f-1415-42b4-8a5b-3a4bedc0adc8','2023-04-05 11:54:03.363','2023-04-05 11:54:03.363','transparent'),('83b64bdd-5e20-489c-9871-fabd43d65c42','云南包浆豆腐',0,'','47f5758c-e622-4d49-80ff-f5dc8ce59bd0','2023-04-05 12:28:15.892','2023-04-05 12:28:15.892','transparent'),('83cae807-5df4-4cd1-9d6a-51959e087a36','冬瓜',0,'','2f27fe02-67a4-4c89-8acd-a100eb2a4d28','2023-04-05 12:08:26.221','2023-04-05 12:08:26.221','transparent'),('83f83405-7a7e-4560-be5a-59dab4ffc22d','彩椒',0,'','5328b764-3e94-495b-b129-58aa7bbad038','2023-04-05 12:11:01.637','2023-04-05 12:11:01.637','transparent'),('84243d85-5902-4545-92cd-ed97881de9f5','老母鸡（整只）',0,'','d5ab3144-0140-4ea0-97d7-27f959262f85','2023-03-26 06:41:07.775','2023-03-26 06:41:07.775','transparent'),('8662f316-c54a-4934-a3d7-2a03468c838e','小土豆',0,'','5efd1e7f-1415-42b4-8a5b-3a4bedc0adc8','2023-04-05 11:59:55.524','2023-04-05 11:59:55.524','transparent'),('873db757-0af9-4348-809c-bb4f9ff6c7a9','芦笋',0,'','5efd1e7f-1415-42b4-8a5b-3a4bedc0adc8','2023-04-05 11:55:49.945','2023-04-05 11:55:49.945','transparent'),('883619cb-2ba9-4605-aeac-ec4fc7ece12f','羊排',0,'','59a1e791-8d75-426b-9f47-08ca6ea081c9','2023-03-26 07:16:50.733','2023-03-26 07:16:50.733','transparent'),('8a84808c-29aa-4694-927b-2cb76029ee2c','绿豆芽',0,'','80e84585-c8a6-4ed0-95bc-1382071a4a05','2023-04-05 12:38:21.164','2023-04-05 12:38:21.164','transparent'),('8c84b558-856a-42f6-b2c7-0651982355a1','鸡翅根（小鸡腿）',0,'','d5ab3144-0140-4ea0-97d7-27f959262f85','2023-03-26 06:39:17.065','2023-03-26 06:41:47.627','transparent'),('90bf4e9e-9853-41be-b102-a71fd51e7522','牛腩（原切）',0,'','ceea6f61-ed8b-4f0c-b9ff-018124d86176','2023-03-26 06:48:59.537','2023-03-26 06:48:59.537','transparent'),('9130dc1a-6168-4828-a79c-1be1741ce1b6','螺丝椒',0,'','5328b764-3e94-495b-b129-58aa7bbad038','2023-04-05 12:11:09.959','2023-04-05 12:11:09.959','transparent'),('9162de1a-7191-4912-beec-dc60c3fde21a','鲜鸡块',0,'','d5ab3144-0140-4ea0-97d7-27f959262f85','2023-03-26 06:39:49.200','2023-03-26 06:39:49.200','transparent'),('919db453-0d17-4a8a-83d4-e8096df8d49e','生菜',0,'','1aa07cc0-6bb1-4a12-9e22-9cdcfb877a67','2023-03-23 11:19:12.381','2023-03-23 11:19:12.381',''),('91adbf1f-6456-4268-9852-5ae97765cff6','肥肠',0,'','822985ca-7bb7-4081-afd8-a3d53191421a','2023-03-26 06:37:40.484','2023-03-26 06:37:40.484','transparent'),('9226feca-9449-412a-b896-ad26a6a1f475','杭茄',0,'','2f27fe02-67a4-4c89-8acd-a100eb2a4d28','2023-04-05 12:02:40.847','2023-04-05 12:02:40.847','transparent'),('92449d42-564d-45e7-b895-59079489c3b6','鲜笋',0,'','5efd1e7f-1415-42b4-8a5b-3a4bedc0adc8','2023-04-05 11:55:32.721','2023-04-05 11:55:32.721','transparent'),('92c970bc-eb59-4c0b-9ab4-7f09571d8230','杏鲍菇',0,'','dc327802-2f9c-4236-903e-a6da2cdec0a8','2023-04-05 12:26:22.602','2023-04-05 12:26:22.602','transparent'),('952758f5-e49d-4fa2-9b6d-cb32af934c09','生姜',0,'','5328b764-3e94-495b-b129-58aa7bbad038','2023-04-05 12:16:50.425','2023-04-05 12:16:50.425','transparent'),('955881f8-b7b4-4546-a994-276bde1bfc5b','筋头巴脑',0,'','ceea6f61-ed8b-4f0c-b9ff-018124d86176','2023-03-26 06:53:20.312','2023-03-26 06:53:20.312','transparent'),('957b31f8-b4db-496a-8eb1-0efa82734d1b','番茄',0,'','2f27fe02-67a4-4c89-8acd-a100eb2a4d28','2023-03-23 01:35:28.062','2023-03-23 01:35:28.062',''),('9adbfd2c-40ed-43c2-91f3-de9f32e01c18','青圆椒',0,'','5328b764-3e94-495b-b129-58aa7bbad038','2023-04-05 12:10:13.337','2023-04-05 12:10:13.337','transparent'),('9c3fca25-0c2d-417a-9c82-861e7ecd3513','五花肉（去皮）',0,'','822985ca-7bb7-4081-afd8-a3d53191421a','2023-03-26 06:35:56.826','2023-03-26 06:35:56.826','transparent'),('9c8549fd-56de-4cb8-803f-afb99fe972f9','大白菜',0,'','1aa07cc0-6bb1-4a12-9e22-9cdcfb877a67','2023-03-23 11:17:56.887','2023-03-23 11:17:56.887',''),('9dfa3eef-3e47-41cd-a0bc-e7acb93225be','笋干',0,'','00f514fb-6b99-44d2-a6a9-1a9e13105da8','2023-04-05 12:43:20.824','2023-04-05 12:43:20.824','transparent'),('9e7d470f-b956-42fe-a5be-715822b7a333','梅花肉',0,'','822985ca-7bb7-4081-afd8-a3d53191421a','2023-03-26 06:37:52.980','2023-03-26 06:37:52.980','transparent'),('a25e1b37-b448-4b5b-99d0-84986293deb3','油麦菜',0,'','1aa07cc0-6bb1-4a12-9e22-9cdcfb877a67','2023-04-05 11:52:27.497','2023-04-05 11:52:27.497','transparent'),('a29bc41e-7648-41d2-8820-aa94b2b47342','瑶柱粒',0,'','00f514fb-6b99-44d2-a6a9-1a9e13105da8','2023-04-05 13:17:11.547','2023-04-05 13:17:11.547','transparent'),('a4a5df43-1085-4ce7-a4ba-f4883a9db5d6','牛尾段',0,'','ceea6f61-ed8b-4f0c-b9ff-018124d86176','2023-03-26 06:49:31.346','2023-03-26 06:49:31.346','transparent'),('a5ea7489-bc90-4051-9d0f-219b2045767c','蚕豆',0,'','80e84585-c8a6-4ed0-95bc-1382071a4a05','2023-04-05 12:36:48.751','2023-04-05 12:36:48.751','transparent'),('a643d078-a886-4ba4-beba-9e7a164644f9','秋葵',0,'','2f27fe02-67a4-4c89-8acd-a100eb2a4d28','2023-04-05 12:08:35.604','2023-04-05 12:08:35.604','transparent'),('a75c7084-4196-436d-ba59-8046f15109e6','枸杞',0,'','00f514fb-6b99-44d2-a6a9-1a9e13105da8','2023-04-05 12:43:08.760','2023-04-05 12:43:08.760','transparent'),('aa2d62d1-b8b8-4b0c-9c28-99e93eb6ea53','荠菜',0,'','1aa07cc0-6bb1-4a12-9e22-9cdcfb877a67','2023-03-23 11:20:33.107','2023-03-23 11:20:33.107',''),('ab169057-da37-44ff-b925-ca12cbb58bc6','卷心菜',0,'','1aa07cc0-6bb1-4a12-9e22-9cdcfb877a67','2023-03-23 01:37:03.267','2023-03-23 01:37:03.267',''),('ab4ac73f-60c5-4eb2-b174-f0cc35cbc2e7','红薯宽粉',0,'','00f514fb-6b99-44d2-a6a9-1a9e13105da8','2023-04-05 12:42:15.403','2023-04-05 12:42:15.403','transparent'),('abb09be6-38c4-4b54-a946-e426f58029d5','丁香',0,'','5328b764-3e94-495b-b129-58aa7bbad038','2023-04-05 12:12:01.715','2023-04-05 12:12:01.715','transparent'),('acdfa0ed-53be-421c-a560-00ae491aa384','咸肉',0,'','00f514fb-6b99-44d2-a6a9-1a9e13105da8','2023-04-05 13:16:14.824','2023-04-05 13:16:14.824','transparent'),('aeb4efc6-5b9e-4767-abdd-06a65c0cce01','千层肚',0,'','ceea6f61-ed8b-4f0c-b9ff-018124d86176','2023-03-26 06:52:57.057','2023-03-26 06:52:57.057','transparent'),('b1c6261c-46fc-4311-ac54-907f25b866a5','银鱼干',0,'','00f514fb-6b99-44d2-a6a9-1a9e13105da8','2023-04-05 13:15:24.938','2023-04-05 13:15:24.938','transparent'),('b2d32614-7527-4e73-874f-7193097749ee','红薯',0,'','5efd1e7f-1415-42b4-8a5b-3a4bedc0adc8','2023-04-05 11:54:57.710','2023-04-05 11:54:57.710','transparent'),('b3a3af79-d2d0-47da-8e74-412f8f67e993','木耳',0,'','dc327802-2f9c-4236-903e-a6da2cdec0a8','2023-04-05 12:26:12.036','2023-04-05 12:26:12.036','transparent'),('b44993dc-d26f-4828-9011-1a80b2bd3f8f','鸡（半只）',0,'','d5ab3144-0140-4ea0-97d7-27f959262f85','2023-03-26 06:42:50.271','2023-03-26 06:42:50.271','transparent'),('b5103437-2008-40ce-8369-f4bcbe3afb5f','莲藕（粉）',0,'','5efd1e7f-1415-42b4-8a5b-3a4bedc0adc8','2023-04-05 12:01:37.248','2023-04-05 12:01:37.248','transparent'),('b5e8a736-a25f-4db1-ac9f-5cd93ae8bf46','八角',0,'','5328b764-3e94-495b-b129-58aa7bbad038','2023-04-05 12:15:17.828','2023-04-05 12:15:17.828','transparent'),('b7e61022-26de-4d4e-b4ee-53ad4db14ac6','牛肋排',0,'','ceea6f61-ed8b-4f0c-b9ff-018124d86176','2023-03-26 06:53:35.829','2023-03-26 06:53:35.829','transparent'),('b99f50a8-0128-4fc6-b4af-c331c2dc2f02','皱皮青椒',0,'','5328b764-3e94-495b-b129-58aa7bbad038','2023-04-05 12:15:02.556','2023-04-05 12:15:02.556','transparent'),('ba182cc9-72c8-47b4-901e-8d5f70b8c0a7','竹荪',0,'','00f514fb-6b99-44d2-a6a9-1a9e13105da8','2023-04-05 12:44:10.034','2023-04-05 12:44:10.034','transparent'),('bb15468d-49a7-4670-b9fd-ca723cf38cd8','玉米笋',0,'','5efd1e7f-1415-42b4-8a5b-3a4bedc0adc8','2023-04-05 11:56:05.994','2023-04-05 11:56:05.994','transparent'),('bcd61d03-4526-4aeb-bd18-3abe4d8c268b','黄豆芽',0,'','80e84585-c8a6-4ed0-95bc-1382071a4a05','2023-04-05 12:38:29.153','2023-04-05 12:38:29.153','transparent'),('bd473da2-e48c-48cc-a2ac-d34a4a26d288','老豆腐',0,'','47f5758c-e622-4d49-80ff-f5dc8ce59bd0','2023-04-05 12:35:15.770','2023-04-05 12:35:15.770','transparent'),('be4ab7e9-9237-42e8-9b23-0199056c98ab','香茅',0,'','5328b764-3e94-495b-b129-58aa7bbad038','2023-04-05 12:11:51.542','2023-04-05 12:11:51.542','transparent'),('be81f94c-08b4-49d3-8730-a97c21c85348','鸡爪',0,'','d5ab3144-0140-4ea0-97d7-27f959262f85','2023-03-26 06:42:04.523','2023-03-26 06:42:04.523','transparent'),('beb41b01-d5e6-40d7-a608-c6569ca6efb2','小葱',0,'','5328b764-3e94-495b-b129-58aa7bbad038','2023-04-05 12:09:18.815','2023-04-05 12:09:18.815','transparent'),('beb6b530-dca2-4204-9101-92cf406b22e6','青豆（豌豆）',0,'','80e84585-c8a6-4ed0-95bc-1382071a4a05','2023-04-05 12:37:22.380','2023-04-05 12:37:22.380','transparent'),('c008a9a8-714f-4e95-93e9-010661785746','布茄',0,'','2f27fe02-67a4-4c89-8acd-a100eb2a4d28','2023-04-05 12:07:18.550','2023-04-05 12:07:18.550','transparent'),('c1b23972-bc9e-4192-8ef4-7af2c40b84e3','肋排',0,'','822985ca-7bb7-4081-afd8-a3d53191421a','2023-03-26 06:36:28.806','2023-03-26 06:36:28.806','transparent'),('c223d3ee-8c99-4b0b-a6f8-1375da2ed341','牛肉（原切）',0,'','ceea6f61-ed8b-4f0c-b9ff-018124d86176','2023-03-26 06:47:43.786','2023-03-26 06:48:04.400','transparent'),('c3cf989f-c371-4bb2-8236-df3827b0dfba','牛腱肉（原切）',0,'','ceea6f61-ed8b-4f0c-b9ff-018124d86176','2023-03-26 06:48:46.019','2023-03-26 06:48:46.019','transparent'),('c549a559-82f2-41aa-a3e6-f5268431ead3','紫苏叶',0,'','5328b764-3e94-495b-b129-58aa7bbad038','2023-04-05 12:11:39.542','2023-04-05 12:11:39.542','transparent'),('c69daa35-09e2-4f4d-87ae-0b8c8ecc1bd3','大排',0,'','822985ca-7bb7-4081-afd8-a3d53191421a','2023-03-26 06:36:20.920','2023-03-26 06:36:20.920','transparent'),('c77ce4fc-71d0-4bdb-84ed-dee9bb8f17a2','毛豆荚',0,'','80e84585-c8a6-4ed0-95bc-1382071a4a05','2023-04-05 12:37:44.357','2023-04-05 12:37:44.357','transparent'),('c9025150-9cbc-43af-a810-07372821d0ec','荷兰豆',0,'','80e84585-c8a6-4ed0-95bc-1382071a4a05','2023-04-05 12:38:44.958','2023-04-05 12:38:44.958','transparent'),('c91c6328-1ae8-4a25-b130-1a551192e4cb','山药',0,'','5efd1e7f-1415-42b4-8a5b-3a4bedc0adc8','2023-04-05 11:55:18.848','2023-04-05 11:55:18.848','transparent'),('ca66246a-8fe2-4407-b0db-71b47da97e4f','丝瓜',0,'','2f27fe02-67a4-4c89-8acd-a100eb2a4d28','2023-04-05 12:07:45.071','2023-04-05 12:07:45.071','transparent'),('cacd1fcb-6a6d-499f-819c-c3e6f0978468','茶树菇干',0,'','00f514fb-6b99-44d2-a6a9-1a9e13105da8','2023-04-05 13:16:00.684','2023-04-05 13:16:00.684','transparent'),('cc8cb771-3102-483c-a845-1fe8ec11edc7','韭黄',0,'','1aa07cc0-6bb1-4a12-9e22-9cdcfb877a67','2023-03-23 11:21:10.288','2023-03-23 11:21:10.288',''),('cd51945b-28d3-4eda-b718-f88530ab0972','油豆皮',0,'','47f5758c-e622-4d49-80ff-f5dc8ce59bd0','2023-04-05 12:30:41.792','2023-04-05 12:30:41.792','transparent'),('cd769d98-8947-49fd-abd4-f4d622029697','牛排',0,'','ceea6f61-ed8b-4f0c-b9ff-018124d86176','2023-03-26 06:50:33.370','2023-03-26 06:50:33.370','transparent'),('ce08497a-f4e3-4c27-9e7a-e87f903e643f','鲜银耳',0,'','dc327802-2f9c-4236-903e-a6da2cdec0a8','2023-04-05 12:23:58.093','2023-04-05 12:23:58.093','transparent'),('ce3fc73a-bdbb-4648-8a24-e39924845f6c','香叶',0,'','5328b764-3e94-495b-b129-58aa7bbad038','2023-04-05 12:14:07.690','2023-04-05 12:14:07.690','transparent'),('cee0f51a-b5fa-4ea2-a199-0488b19e18fe','千页豆腐',0,'','47f5758c-e622-4d49-80ff-f5dc8ce59bd0','2023-04-05 12:34:16.110','2023-04-05 12:34:16.110','transparent'),('d01f1d2c-97dc-4082-bb43-9529219440af','杭白菜',0,'','1aa07cc0-6bb1-4a12-9e22-9cdcfb877a67','2023-03-23 01:37:14.439','2023-03-23 01:37:14.439',''),('d09c90d1-0a8b-4d6a-9f46-1685ab669b2c','小香芹',0,'','1aa07cc0-6bb1-4a12-9e22-9cdcfb877a67','2023-03-23 11:20:17.518','2023-03-23 11:20:17.518',''),('d0c95737-c1a3-4d28-9d17-85aad96bad21','羊腿肉（原切）',0,'','59a1e791-8d75-426b-9f47-08ca6ea081c9','2023-03-26 07:16:41.405','2023-03-26 07:16:41.405','transparent'),('d13fe030-f625-4b52-9a57-51902e44d906','鹌鹑蛋',0,'','3819252e-c2c3-42f2-8f00-41839d91374d','2023-03-26 07:20:16.790','2023-03-26 07:20:16.790','transparent'),('d1e638bf-fa4c-4176-ba55-d8226d45687a','红洋葱',0,'','5328b764-3e94-495b-b129-58aa7bbad038','2023-04-05 12:09:43.712','2023-04-05 12:09:43.712','transparent'),('d3ca4cdd-b43e-4049-a9dd-39f0e6fc68a2','乳鸽',0,'','d5ab3144-0140-4ea0-97d7-27f959262f85','2023-03-26 06:46:43.572','2023-03-26 06:46:43.572','transparent'),('d448a0fe-3cf9-43e9-89bf-382cebb9d5c8','羊肉（块）',0,'','59a1e791-8d75-426b-9f47-08ca6ea081c9','2023-03-26 07:18:46.101','2023-03-26 07:18:46.101','transparent'),('da27d1ac-9729-4912-b70b-399f8b4271fb','鸭脖',0,'','d5ab3144-0140-4ea0-97d7-27f959262f85','2023-03-26 06:46:20.589','2023-03-26 06:46:20.589','transparent'),('db14f6d6-8baa-4eb8-a9f9-72d3fa7eb001','麻鸭',0,'','d5ab3144-0140-4ea0-97d7-27f959262f85','2023-03-26 06:44:50.156','2023-03-26 06:44:50.156','transparent'),('db4e4c52-9961-4a7a-994e-b38ea7b3090a','毛豆粒',0,'','80e84585-c8a6-4ed0-95bc-1382071a4a05','2023-04-05 12:38:03.587','2023-04-05 12:38:03.587','transparent'),('db94b717-f36a-4b58-ba4b-e57f9e3b6f06','大葱',0,'','5328b764-3e94-495b-b129-58aa7bbad038','2023-04-05 12:09:26.400','2023-04-05 12:09:26.400','transparent'),('dbb7980f-ced3-4ccc-b668-5db0ab41ccfd','香菜',0,'','5328b764-3e94-495b-b129-58aa7bbad038','2023-04-05 12:15:57.743','2023-04-05 12:15:57.743','transparent'),('dc7c964a-a2b2-4c29-8bd8-ba03440bb8be','大蒜',0,'','5328b764-3e94-495b-b129-58aa7bbad038','2023-04-05 12:14:26.404','2023-04-05 12:14:26.404','transparent'),('dfd7c477-7a31-4d87-8f24-fdb09d27d823','胡萝卜',0,'','5efd1e7f-1415-42b4-8a5b-3a4bedc0adc8','2023-04-05 11:54:18.614','2023-04-05 11:54:18.614','transparent'),('e0ca3583-6560-4847-99cc-54af321f5961','毛肚',0,'','ceea6f61-ed8b-4f0c-b9ff-018124d86176','2023-03-26 06:52:34.877','2023-03-26 06:52:34.877','transparent'),('e1e29bc8-27f4-46c3-a459-61b2ac512763','小黄瓜',0,'','2f27fe02-67a4-4c89-8acd-a100eb2a4d28','2023-04-05 12:04:17.293','2023-04-05 12:04:17.293','transparent'),('e2855d33-b8ee-437b-8b76-6c1a72bceb8b','鸡翅尖',0,'','d5ab3144-0140-4ea0-97d7-27f959262f85','2023-03-26 06:40:40.949','2023-03-26 06:40:40.949','transparent'),('e34fa2f9-26fe-4787-a278-648948950899','鹿茸菇',0,'','dc327802-2f9c-4236-903e-a6da2cdec0a8','2023-04-05 12:22:55.226','2023-04-05 12:22:55.226','transparent'),('e434135b-5544-40dd-bfb5-885a6e1ef2f4','咸鸭蛋',0,'','3819252e-c2c3-42f2-8f00-41839d91374d','2023-03-26 07:21:01.620','2023-03-26 07:21:01.620','transparent'),('e464d854-3e0f-4815-8430-c0579ccb1794','牛肉丸',0,'','ceea6f61-ed8b-4f0c-b9ff-018124d86176','2023-03-26 06:50:10.970','2023-03-26 06:50:10.970','transparent'),('e66d2397-4a7b-41f8-b5f7-d82a83e70588','香椿',0,'','1aa07cc0-6bb1-4a12-9e22-9cdcfb877a67','2023-04-05 11:50:56.742','2023-04-05 11:50:56.742','transparent'),('e9cf17d8-099c-4665-b401-7d404e7c7599','四季豆',0,'','80e84585-c8a6-4ed0-95bc-1382071a4a05','2023-04-05 12:39:00.562','2023-04-05 12:39:00.562','transparent'),('ec485662-217e-432e-8c53-7dd69a69f366','娃娃菜',0,'','1aa07cc0-6bb1-4a12-9e22-9cdcfb877a67','2023-03-23 01:37:20.683','2023-03-23 01:37:20.683',''),('ecaa7576-8c3f-47d4-9af2-b8226db0d9aa','鹅蛋',0,'','3819252e-c2c3-42f2-8f00-41839d91374d','2023-03-26 07:20:10.708','2023-03-26 07:20:10.708','transparent'),('edbd73bc-cbf7-4dcd-af27-94484461a44a','汤骨块',0,'','822985ca-7bb7-4081-afd8-a3d53191421a','2023-03-26 06:35:24.757','2023-03-26 06:35:24.757','transparent'),('eeaf2956-f3b1-43ca-b9f8-d0dddeb1ee31','龙口粉丝',0,'','00f514fb-6b99-44d2-a6a9-1a9e13105da8','2023-04-05 13:14:56.466','2023-04-05 13:14:56.466','transparent'),('ef42c479-3b17-481d-8fb1-36fe8b59c80e','紫薯',0,'','5efd1e7f-1415-42b4-8a5b-3a4bedc0adc8','2023-04-05 11:55:08.126','2023-04-05 11:55:08.126','transparent'),('ef738ef1-b931-4690-a1c7-20276aac5abf','牛肉末',0,'','ceea6f61-ed8b-4f0c-b9ff-018124d86176','2023-03-26 06:51:00.408','2023-03-26 06:51:00.408','transparent'),('effe446d-48cc-4123-bbac-7f8911ccfe4c','小排',0,'','822985ca-7bb7-4081-afd8-a3d53191421a','2023-03-26 06:36:10.541','2023-03-26 06:36:10.541','transparent'),('f1b7df79-b20b-4dbf-9934-e016542084f4','鸭蛋',0,'','3819252e-c2c3-42f2-8f00-41839d91374d','2023-03-26 07:20:04.519','2023-03-26 07:20:04.519','transparent'),('f1c3dc92-e134-49b8-88e0-3da62f57b929','紫菜',0,'','00f514fb-6b99-44d2-a6a9-1a9e13105da8','2023-04-05 12:44:20.380','2023-04-05 12:44:20.380','transparent'),('f5a7013e-ba53-40b4-9930-fc361da65e9b','苦瓜',0,'','2f27fe02-67a4-4c89-8acd-a100eb2a4d28','2023-04-05 12:08:43.593','2023-04-05 12:08:43.593','transparent'),('f85fa3cc-736b-4011-bd4e-532aef8e841a','鸡枞',0,'','dc327802-2f9c-4236-903e-a6da2cdec0a8','2023-04-05 12:23:35.196','2023-04-05 12:23:35.196','transparent'),('f9545894-6500-436c-b3d1-1e7916b81af7','黄剁椒',0,'','5328b764-3e94-495b-b129-58aa7bbad038','2023-04-05 12:21:19.818','2023-04-05 12:21:19.818','transparent'),('f9704fc1-e000-4ce8-a3ed-b70537222a57','西芹',0,'','1aa07cc0-6bb1-4a12-9e22-9cdcfb877a67','2023-03-23 11:20:06.894','2023-03-23 11:20:06.894',''),('fa65f19d-a546-4d3f-9e43-a98b68b53889','猪肝',0,'','822985ca-7bb7-4081-afd8-a3d53191421a','2023-03-26 06:37:05.855','2023-03-26 06:37:05.855','transparent'),('fc288ef2-a4e2-435e-a2e8-8cbac2ab6d45','芋艿',0,'','5efd1e7f-1415-42b4-8a5b-3a4bedc0adc8','2023-04-05 12:00:57.356','2023-04-05 12:00:57.356','transparent'),('fd456546-0eff-4b80-a723-143e2b227477','百合',0,'','00f514fb-6b99-44d2-a6a9-1a9e13105da8','2023-04-05 12:44:47.759','2023-04-05 12:44:47.759','transparent'),('ff287f15-5b78-484f-86b3-9f1ee8a019f4','夹心腿肉（前）',0,'','822985ca-7bb7-4081-afd8-a3d53191421a','2023-03-26 06:38:37.657','2023-03-26 06:38:37.657','transparent'),('ff5543d3-6f33-4f9a-b594-32cd0ecd0436','豌豆荚',0,'','80e84585-c8a6-4ed0-95bc-1382071a4a05','2023-04-05 12:37:02.838','2023-04-05 12:37:02.838','transparent'),('ffd8a3ae-17de-4532-9ea7-c2c70e6565b1','菜心',0,'','1aa07cc0-6bb1-4a12-9e22-9cdcfb877a67','2023-03-23 11:21:21.627','2023-03-23 11:21:21.627','');
/*!40000 ALTER TABLE `BaseMaterial` ENABLE KEYS */;
UNLOCK TABLES;

--
-- Table structure for table `Cookware`
--

DROP TABLE IF EXISTS `Cookware`;
/*!40101 SET @saved_cs_client     = @@character_set_client */;
/*!50503 SET character_set_client = utf8mb4 */;
CREATE TABLE `Cookware` (
  `id` varchar(191) COLLATE utf8mb4_unicode_ci NOT NULL,
  `name` varchar(191) COLLATE utf8mb4_unicode_ci NOT NULL,
  `createdTime` datetime(3) NOT NULL DEFAULT CURRENT_TIMESTAMP(3),
  `updatedTime` datetime(3) DEFAULT NULL,
  PRIMARY KEY (`id`),
  UNIQUE KEY `Cookware_name_key` (`name`)
) ENGINE=InnoDB DEFAULT CHARSET=utf8mb4 COLLATE=utf8mb4_unicode_ci;
/*!40101 SET character_set_client = @saved_cs_client */;

--
-- Dumping data for table `Cookware`
--

LOCK TABLES `Cookware` WRITE;
/*!40000 ALTER TABLE `Cookware` DISABLE KEYS */;
INSERT INTO `Cookware` VALUES ('24c1459b-43e8-4211-965e-36c895ef1cb8','烤箱','2023-04-02 11:56:59.954',NULL),('416df7e9-2262-4fdb-b9e8-64c6d62965ae','空气炸锅','2023-04-02 11:56:59.954',NULL),('586da140-a624-4b88-9cae-a1e1a2c2e4ba','高压锅','2023-04-02 11:56:59.954',NULL),('60f69fe6-1e19-48e8-8edc-a890a863a93d','炖锅','2023-04-02 11:56:59.954',NULL),('821bc57f-96ca-44fd-afe4-acd0e86bae36','万能炒锅','2023-04-02 11:56:59.954',NULL),('a0cf96ec-980d-4132-91ec-48191a63efa1','微波炉','2023-04-02 11:56:59.954',NULL),('e9d41330-b9e9-4f18-9d17-6b1cb2654284','电饭煲','2023-04-02 11:56:59.954',NULL);
/*!40000 ALTER TABLE `Cookware` ENABLE KEYS */;
UNLOCK TABLES;

--
-- Table structure for table `Dish`
--

DROP TABLE IF EXISTS `Dish`;
/*!40101 SET @saved_cs_client     = @@character_set_client */;
/*!50503 SET character_set_client = utf8mb4 */;
CREATE TABLE `Dish` (
  `id` varchar(191) COLLATE utf8mb4_unicode_ci NOT NULL,
  `createdTime` datetime(3) NOT NULL DEFAULT CURRENT_TIMESTAMP(3),
  `remark` varchar(191) COLLATE utf8mb4_unicode_ci DEFAULT NULL,
  PRIMARY KEY (`id`)
) ENGINE=InnoDB DEFAULT CHARSET=utf8mb4 COLLATE=utf8mb4_unicode_ci;
/*!40101 SET character_set_client = @saved_cs_client */;

--
-- Dumping data for table `Dish`
--

LOCK TABLES `Dish` WRITE;
/*!40000 ALTER TABLE `Dish` DISABLE KEYS */;
/*!40000 ALTER TABLE `Dish` ENABLE KEYS */;
UNLOCK TABLES;

--
-- Table structure for table `Post`
--

DROP TABLE IF EXISTS `Post`;
/*!40101 SET @saved_cs_client     = @@character_set_client */;
/*!50503 SET character_set_client = utf8mb4 */;
CREATE TABLE `Post` (
  `id` varchar(191) COLLATE utf8mb4_unicode_ci NOT NULL,
  `title` varchar(191) COLLATE utf8mb4_unicode_ci NOT NULL,
  `content` varchar(191) COLLATE utf8mb4_unicode_ci NOT NULL,
  `authorId` varchar(191) COLLATE utf8mb4_unicode_ci NOT NULL,
  `published` tinyint(1) NOT NULL DEFAULT '0',
  `viewCount` int NOT NULL DEFAULT '0',
  `createdTime` datetime(3) NOT NULL DEFAULT CURRENT_TIMESTAMP(3),
  `updatedTime` datetime(3) DEFAULT NULL,
  PRIMARY KEY (`id`),
  UNIQUE KEY `Post_title_key` (`title`),
  KEY `Post_authorId_fkey` (`authorId`),
  CONSTRAINT `Post_authorId_fkey` FOREIGN KEY (`authorId`) REFERENCES `User` (`id`) ON DELETE RESTRICT ON UPDATE CASCADE
) ENGINE=InnoDB DEFAULT CHARSET=utf8mb4 COLLATE=utf8mb4_unicode_ci;
/*!40101 SET character_set_client = @saved_cs_client */;

--
-- Dumping data for table `Post`
--

LOCK TABLES `Post` WRITE;
/*!40000 ALTER TABLE `Post` DISABLE KEYS */;
INSERT INTO `Post` VALUES ('4eb8b08b-6ccf-4bc7-a316-4172fa58e94f','爆好吃番茄饭','# 爆好吃番茄饭','8ad1f6d3-cca8-4768-8d3a-02183feb783a',1,0,'2023-03-22 09:30:25.358','2023-03-22 09:30:25.358'),('60d69bdf-dc65-4fa9-8cd6-a939b57dddf4','板栗蘑菇鸡肉饭','<h1>超好吃板栗蘑菇鸡肉饭</h1>\n<blockquote>\n<p>大熊热心推荐！</p>\n</blockquote>\n<p>快来试试吧！</p>\n','8ad1f6d3-cca8-4768-8d3a-02183feb783a',1,0,'2023-04-05 17:29:48.418','2023-04-05 17:29:48.418'),('de27e040-1122-4f27-8194-df1029ccd04b','一整个番茄饭','# 一整个番茄饭\n\n## 材料\n1. 番茄\n2. 米饭\n\n## 做法\n1. 把米洗干净\n2. 番茄洗干净','8ad1f6d3-cca8-4768-8d3a-02183feb783a',1,0,'2023-03-22 09:24:36.170','2023-04-02 10:21:48.657');
/*!40000 ALTER TABLE `Post` ENABLE KEYS */;
UNLOCK TABLES;

--
-- Table structure for table `PrimaryMaterial`
--

DROP TABLE IF EXISTS `PrimaryMaterial`;
/*!40101 SET @saved_cs_client     = @@character_set_client */;
/*!50503 SET character_set_client = utf8mb4 */;
CREATE TABLE `PrimaryMaterial` (
  `id` varchar(191) COLLATE utf8mb4_unicode_ci NOT NULL,
  `name` varchar(191) COLLATE utf8mb4_unicode_ci NOT NULL,
  `createdTime` datetime(3) NOT NULL DEFAULT CURRENT_TIMESTAMP(3),
  `updatedTime` datetime(3) DEFAULT NULL,
  `color` varchar(191) COLLATE utf8mb4_unicode_ci NOT NULL,
  PRIMARY KEY (`id`),
  UNIQUE KEY `PrimaryMaterial_name_key` (`name`)
) ENGINE=InnoDB DEFAULT CHARSET=utf8mb4 COLLATE=utf8mb4_unicode_ci;
/*!40101 SET character_set_client = @saved_cs_client */;

--
-- Dumping data for table `PrimaryMaterial`
--

LOCK TABLES `PrimaryMaterial` WRITE;
/*!40000 ALTER TABLE `PrimaryMaterial` DISABLE KEYS */;
INSERT INTO `PrimaryMaterial` VALUES ('295effd8-fb66-4430-b8f2-04b27d6e37ea','粮油调味','2023-03-22 09:22:30.237','2023-03-26 05:30:54.584','#f0a020'),('5223abc6-97a3-4721-b096-0a8711547d6a','海鲜水产','2023-03-26 05:42:05.080','2023-03-26 05:42:05.080','#4a90e2'),('55963fef-b9d4-4b6b-9682-ee98a74ec48c','乳品烘焙','2023-03-26 06:00:53.068','2023-03-26 06:00:53.068','#f4dabd'),('593c2df8-3285-4ac0-b770-09204bd5a913','蔬菜水果','2023-03-23 01:34:57.886','2023-03-26 05:30:21.624','#18a058'),('6539b181-7c2b-4017-a4d8-c9f61418b563','肉禽蛋品','2023-03-26 05:29:37.287','2023-03-26 05:29:37.287','#f53f3f');
/*!40000 ALTER TABLE `PrimaryMaterial` ENABLE KEYS */;
UNLOCK TABLES;

--
-- Table structure for table `Profile`
--

DROP TABLE IF EXISTS `Profile`;
/*!40101 SET @saved_cs_client     = @@character_set_client */;
/*!50503 SET character_set_client = utf8mb4 */;
CREATE TABLE `Profile` (
  `id` varchar(191) COLLATE utf8mb4_unicode_ci NOT NULL,
  `userId` varchar(191) COLLATE utf8mb4_unicode_ci NOT NULL,
  PRIMARY KEY (`id`),
  UNIQUE KEY `Profile_userId_key` (`userId`),
  CONSTRAINT `Profile_userId_fkey` FOREIGN KEY (`userId`) REFERENCES `User` (`id`) ON DELETE RESTRICT ON UPDATE CASCADE
) ENGINE=InnoDB DEFAULT CHARSET=utf8mb4 COLLATE=utf8mb4_unicode_ci;
/*!40101 SET character_set_client = @saved_cs_client */;

--
-- Dumping data for table `Profile`
--

LOCK TABLES `Profile` WRITE;
/*!40000 ALTER TABLE `Profile` DISABLE KEYS */;
/*!40000 ALTER TABLE `Profile` ENABLE KEYS */;
UNLOCK TABLES;

--
-- Table structure for table `SecondaryMaterial`
--

DROP TABLE IF EXISTS `SecondaryMaterial`;
/*!40101 SET @saved_cs_client     = @@character_set_client */;
/*!50503 SET character_set_client = utf8mb4 */;
CREATE TABLE `SecondaryMaterial` (
  `id` varchar(191) COLLATE utf8mb4_unicode_ci NOT NULL,
  `name` varchar(191) COLLATE utf8mb4_unicode_ci NOT NULL,
  `color` varchar(191) COLLATE utf8mb4_unicode_ci NOT NULL,
  `primaryMaterialId` varchar(191) COLLATE utf8mb4_unicode_ci DEFAULT NULL,
  `createdTime` datetime(3) NOT NULL DEFAULT CURRENT_TIMESTAMP(3),
  `updatedTime` datetime(3) DEFAULT NULL,
  PRIMARY KEY (`id`),
  UNIQUE KEY `SecondaryMaterial_name_key` (`name`),
  KEY `SecondaryMaterial_primaryMaterialId_fkey` (`primaryMaterialId`),
  CONSTRAINT `SecondaryMaterial_primaryMaterialId_fkey` FOREIGN KEY (`primaryMaterialId`) REFERENCES `PrimaryMaterial` (`id`) ON DELETE SET NULL ON UPDATE CASCADE
) ENGINE=InnoDB DEFAULT CHARSET=utf8mb4 COLLATE=utf8mb4_unicode_ci;
/*!40101 SET character_set_client = @saved_cs_client */;

--
-- Dumping data for table `SecondaryMaterial`
--

LOCK TABLES `SecondaryMaterial` WRITE;
/*!40000 ALTER TABLE `SecondaryMaterial` DISABLE KEYS */;
INSERT INTO `SecondaryMaterial` VALUES ('00f514fb-6b99-44d2-a6a9-1a9e13105da8','干货/腌腊','#f0a020','295effd8-fb66-4430-b8f2-04b27d6e37ea','2023-03-26 05:48:45.562','2023-03-26 05:48:45.562'),('05a9b507-84d9-4062-b82f-cd7814c35c28','贝壳类','#4a90e2','5223abc6-97a3-4721-b096-0a8711547d6a','2023-03-26 05:43:22.380','2023-03-26 05:43:22.380'),('0dec2681-92ef-4852-ba63-afbf9e914b04','海参/干货','#4a90e2','5223abc6-97a3-4721-b096-0a8711547d6a','2023-03-26 05:45:27.543','2023-03-26 05:45:27.543'),('177b0568-be0c-44e4-84db-b9ea6b7b8191','盐糖醋酱','#f0a020','295effd8-fb66-4430-b8f2-04b27d6e37ea','2023-03-26 05:46:59.295','2023-03-26 05:46:59.295'),('1aa07cc0-6bb1-4a12-9e22-9cdcfb877a67','叶菜/花菜','#18a058','593c2df8-3285-4ac0-b770-09204bd5a913','2023-03-23 01:36:16.322','2023-03-25 12:11:42.889'),('2f27fe02-67a4-4c89-8acd-a100eb2a4d28','番茄/茄瓜','#18a058','593c2df8-3285-4ac0-b770-09204bd5a913','2023-03-23 01:35:15.239','2023-03-26 05:50:18.823'),('3819252e-c2c3-42f2-8f00-41839d91374d','鸡蛋/蛋类','#f29a0a','6539b181-7c2b-4017-a4d8-c9f61418b563','2023-03-26 05:41:40.339','2023-03-26 05:41:40.339'),('433e681c-3176-4706-9054-4de425068b12','鱼类','#4a90e2','5223abc6-97a3-4721-b096-0a8711547d6a','2023-03-26 05:43:02.462','2023-03-26 05:43:02.462'),('47f5758c-e622-4d49-80ff-f5dc8ce59bd0','豆制品','#18a058','593c2df8-3285-4ac0-b770-09204bd5a913','2023-03-26 05:50:02.257','2023-03-26 05:50:02.257'),('4da1ea8b-e05f-45ad-beee-8a856e6960c6','海带/海蜇','#4a90e2','5223abc6-97a3-4721-b096-0a8711547d6a','2023-03-26 05:45:43.231','2023-03-26 05:45:43.231'),('5328b764-3e94-495b-b129-58aa7bbad038','葱姜椒/调料','#18a058','593c2df8-3285-4ac0-b770-09204bd5a913','2023-03-26 05:49:40.754','2023-03-26 05:49:40.754'),('59a1e791-8d75-426b-9f47-08ca6ea081c9','羊肉','#f53f3f','6539b181-7c2b-4017-a4d8-c9f61418b563','2023-03-26 05:40:38.885','2023-03-26 05:40:38.885'),('5efd1e7f-1415-42b4-8a5b-3a4bedc0adc8','土豆/根茎','#18a058','593c2df8-3285-4ac0-b770-09204bd5a913','2023-03-23 01:36:31.631','2023-03-25 12:11:58.258'),('6b936145-d47d-4355-9328-3278900e5cb6','蟹类','#4a90e2','5223abc6-97a3-4721-b096-0a8711547d6a','2023-03-26 05:44:01.835','2023-03-26 05:44:01.835'),('769245ac-bd21-4ac5-bda5-54be10199685','杂粮类','#f0a020','295effd8-fb66-4430-b8f2-04b27d6e37ea','2023-03-26 05:47:19.227','2023-03-26 05:47:19.227'),('80e84585-c8a6-4ed0-95bc-1382071a4a05','豆类/芽苗','#18a058','593c2df8-3285-4ac0-b770-09204bd5a913','2023-04-05 12:36:12.113','2023-04-05 12:36:12.113'),('822985ca-7bb7-4081-afd8-a3d53191421a','猪肉','#f53f3f','6539b181-7c2b-4017-a4d8-c9f61418b563','2023-03-26 05:39:33.046','2023-03-26 05:39:33.046'),('a71c202c-e82c-42ed-b056-a3bd37a795d0','酸奶','#f4dabd','55963fef-b9d4-4b6b-9682-ee98a74ec48c','2023-03-26 06:01:22.348','2023-03-26 06:01:22.348'),('b74d14a6-c228-4c30-820b-91624bf5f628','大米','#f0a020','295effd8-fb66-4430-b8f2-04b27d6e37ea','2023-03-22 09:22:42.232','2023-03-25 12:12:12.897'),('ba2243ec-0ce4-4e7b-b4f1-0778f794ee1c','酱菜/罐头','#f0a020','295effd8-fb66-4430-b8f2-04b27d6e37ea','2023-03-26 05:48:01.908','2023-03-26 05:48:01.908'),('c88764e0-7501-4dea-873b-3c7923d6155b','鱿墨章鱼','#4a90e2','5223abc6-97a3-4721-b096-0a8711547d6a','2023-03-26 05:44:28.593','2023-03-26 05:44:28.593'),('ceea6f61-ed8b-4f0c-b9ff-018124d86176','牛肉','#f53f3f','6539b181-7c2b-4017-a4d8-c9f61418b563','2023-03-26 05:39:55.675','2023-03-26 05:39:55.675'),('d4e87a06-0f06-4918-84fe-5e7a50ff5d01','面粉/面条','#f0a020','295effd8-fb66-4430-b8f2-04b27d6e37ea','2023-03-26 05:47:35.785','2023-03-26 05:47:35.785'),('d5ab3144-0140-4ea0-97d7-27f959262f85','鸡鸭鸽','#f53f3f','6539b181-7c2b-4017-a4d8-c9f61418b563','2023-03-26 05:39:46.873','2023-03-26 05:39:46.873'),('dc327802-2f9c-4236-903e-a6da2cdec0a8','菌菇/木耳','#18a058','593c2df8-3285-4ac0-b770-09204bd5a913','2023-03-26 05:49:52.724','2023-03-26 05:49:52.724'),('df712049-434b-4409-8b5e-dc71a2f2886e','吐司/面包','#f4dabd','55963fef-b9d4-4b6b-9682-ee98a74ec48c','2023-03-26 06:01:35.608','2023-03-26 06:01:35.608'),('e0926238-47f9-4e09-a42d-04abd8b8a493','奶酪/黄油','#f4dabd','55963fef-b9d4-4b6b-9682-ee98a74ec48c','2023-03-26 06:01:49.408','2023-03-26 06:01:49.408'),('f0198879-c84e-4b3b-8f97-db23862774ac','鲜奶/豆浆','#f4dabd','55963fef-b9d4-4b6b-9682-ee98a74ec48c','2023-03-26 06:01:07.675','2023-03-26 06:01:07.675'),('f91ebaad-e269-4950-b021-d118390fa369','蟹棒/丸滑','#4a90e2','5223abc6-97a3-4721-b096-0a8711547d6a','2023-03-26 05:45:04.111','2023-03-26 05:45:04.111'),('f955cc7c-cc3b-4709-82b9-b1b148a82640','虾类/龙虾','#4a90e2','5223abc6-97a3-4721-b096-0a8711547d6a','2023-03-26 05:43:44.712','2023-03-26 05:43:44.712'),('fedf7fca-14e0-4589-8dbd-67d523b5f5ba','腌制肉类','#f53f3f','6539b181-7c2b-4017-a4d8-c9f61418b563','2023-03-26 05:41:07.904','2023-03-26 05:41:07.904');
/*!40000 ALTER TABLE `SecondaryMaterial` ENABLE KEYS */;
UNLOCK TABLES;

--
-- Table structure for table `User`
--

DROP TABLE IF EXISTS `User`;
/*!40101 SET @saved_cs_client     = @@character_set_client */;
/*!50503 SET character_set_client = utf8mb4 */;
CREATE TABLE `User` (
  `id` varchar(191) COLLATE utf8mb4_unicode_ci NOT NULL,
  `email` varchar(191) COLLATE utf8mb4_unicode_ci DEFAULT NULL,
  `name` varchar(191) COLLATE utf8mb4_unicode_ci DEFAULT NULL,
  `account` varchar(191) COLLATE utf8mb4_unicode_ci DEFAULT NULL,
  `role` int NOT NULL DEFAULT '3',
  `password` varchar(191) COLLATE utf8mb4_unicode_ci NOT NULL,
  `salt` varchar(191) COLLATE utf8mb4_unicode_ci DEFAULT NULL,
  `createdTime` datetime(3) NOT NULL DEFAULT CURRENT_TIMESTAMP(3),
  `updatedTime` datetime(3) DEFAULT NULL,
  PRIMARY KEY (`id`),
  UNIQUE KEY `User_email_key` (`email`),
  UNIQUE KEY `User_name_key` (`name`),
  UNIQUE KEY `User_account_key` (`account`)
) ENGINE=InnoDB DEFAULT CHARSET=utf8mb4 COLLATE=utf8mb4_unicode_ci;
/*!40101 SET character_set_client = @saved_cs_client */;

--
-- Dumping data for table `User`
--

LOCK TABLES `User` WRITE;
/*!40000 ALTER TABLE `User` DISABLE KEYS */;
INSERT INTO `User` VALUES ('8ad1f6d3-cca8-4768-8d3a-02183feb783a',NULL,'大熊','ursazoo',3,'5LVg1OU6eh66DmEabeMfbA==','hVkI','2023-03-22 08:40:07.132','2023-03-22 08:40:07.132');
/*!40000 ALTER TABLE `User` ENABLE KEYS */;
UNLOCK TABLES;
/*!40103 SET TIME_ZONE=@OLD_TIME_ZONE */;

/*!40101 SET SQL_MODE=@OLD_SQL_MODE */;
/*!40014 SET FOREIGN_KEY_CHECKS=@OLD_FOREIGN_KEY_CHECKS */;
/*!40014 SET UNIQUE_CHECKS=@OLD_UNIQUE_CHECKS */;
/*!40101 SET CHARACTER_SET_CLIENT=@OLD_CHARACTER_SET_CLIENT */;
/*!40101 SET CHARACTER_SET_RESULTS=@OLD_CHARACTER_SET_RESULTS */;
/*!40101 SET COLLATION_CONNECTION=@OLD_COLLATION_CONNECTION */;
/*!40111 SET SQL_NOTES=@OLD_SQL_NOTES */;

-- Dump completed on 2023-04-06 12:59:29
